{
  "Dino Run": {
    "play_count": 6,
    "last_played": 1750767859.1178622
  },
  "Fighter Shoot": {
    "play_count": 7,
    "last_played": 1750767887.2706265
  },
  "Gravity Ninja": {
    "play_count": 7,
    "last_played": 1750767947.2543447
  },
  "Maze Explorer": {
    "play_count": 4,
    "last_played": 1750768007.2559195
  },
  "Snake Classic": {
    "play_count": 4,
    "last_played": 1750767730.9011376
  },
  "Tic Tac Toe": {
    "play_count": 6,
    "last_played": 1750767802.1393878
  }
}