{
  "Dino Run": {
    "play_count": 8,
    "last_played": 1750867196.9772487
  },
  "Fighter Shoot": {
    "play_count": 9,
    "last_played": 1750867263.1401026
  },
  "Gravity Ninja": {
    "play_count": 8,
    "last_played": 1750867310.305604
  },
  "Maze Explorer": {
    "play_count": 6,
    "last_played": 1750867338.2517626
  },
  "Snake Classic": {
    "play_count": 6,
    "last_played": 1750867373.731524
  },
  "Tic Tac Toe": {
    "play_count": 7,
    "last_played": 1750867555.9806461
  }
}